"user_id","name","screen_name","location","description","url","protected","followers_count","friends_count","listed_count","statuses_count","favourites_count","account_created_at","verified","profile_url","profile_expanded_url","account_lang","profile_banner_url","profile_background_url","profile_image_url"
"x18161602","DallasOEM","DallasOEM","Dallas, Texas","City of Dallas Office of Emergency Management","https://t.co/gReVxNTl6T",FALSE,10665,316,455,7470,206,2008-12-16 13:05:48,TRUE,"https://t.co/gReVxNTl6T","http://dallasemergencymanagement.com","en",,"http://pbs.twimg.com/profile_background_images/18391507/Dallas_OEM_Twitter.png","http://pbs.twimg.com/profile_images/611898264145649664/vLJFITCM_normal.jpg"
"x123758969","üçô p a m e l a üç•","itslitcomrade","Chicago, IL","ü•Äartist ‚Ä¢ otaku (‡πë¬¥‚ñ°`‡πë) ‚Ä¢ disillusioned & chronically ill ‚Ä¢ nihilistic humor is my love language ‚ú®",,FALSE,753,279,17,12008,15651,2010-03-17 04:22:22,FALSE,,,"en","https://pbs.twimg.com/profile_banners/123758969/1518671316","http://pbs.twimg.com/profile_background_images/535637410294411264/v6cvdw9Y.jpeg","http://pbs.twimg.com/profile_images/957862513479159808/30mBN12K_normal.jpg"
"x337940848","Cher Murphy","RedSoxMVP","Boston, MA","Living with hiv/Aids since 1995. Stop the Stigma! Love the Red Sox for Life! LAUGHTER IS THE BEST MEDICINE. Batman and I have never been seen together.~Namaste~",,FALSE,222895,826,86,21052,8609,2011-07-18 20:38:53,FALSE,,,"en","https://pbs.twimg.com/profile_banners/337940848/1411606194","http://pbs.twimg.com/profile_background_images/613942229535752192/3_VZWPHa.jpg","http://pbs.twimg.com/profile_images/960877451592187904/nUj-QXcL_normal.jpg"
"x101938507","Rachel Hiles","ghettosaralee","US: 39.063105,-94.536034","aspiring local celebrity do-gooder. UMKC MPA grad. opinions and posts are my own. family first. reppin' #KC","https://t.co/IR8DoE3spK",FALSE,721,1198,22,9015,878,2010-01-05 03:03:37,FALSE,"https://t.co/IR8DoE3spK","http://ghettosaralee.com","en","https://pbs.twimg.com/profile_banners/101938507/1431535537","http://pbs.twimg.com/profile_background_images/823436184/148ec971ba13aa0f438afaa2d508ebeb.png","http://pbs.twimg.com/profile_images/883831393511505920/KA5HuW4q_normal.jpg"
"x22497066","tonia thompson üòà‚ò†Ô∏è","missdefying","Austin, TX","#horror writer. i like to take risks and naps.","https://t.co/sQlnXV3mRB",FALSE,609,359,45,18946,1128,2009-03-02 15:56:48,FALSE,"https://t.co/sQlnXV3mRB","http://toniathompson.com","en","https://pbs.twimg.com/profile_banners/22497066/1509412921","http://abs.twimg.com/images/themes/theme15/bg.png","http://pbs.twimg.com/profile_images/933076544309813248/YEXxO7If_normal.jpg"
"x1663014871","i had there biscuts & gravy it was tasteless the w","Madly_Mari","Drexel Heights, AZ","im mari & im in love with orcas|#TransLivesMatter | ‚ÄºÔ∏èPLEASE READ MY BIO 2 KNO MORE ABT ME(in paste bin link) ‚ÄºÔ∏è https://t.co/TdnlJAHWJX","https://t.co/4oPTq9ZspV",FALSE,133,220,4,14356,3955,2013-08-11 16:53:30,FALSE,"https://t.co/4oPTq9ZspV","http://pastebin.com/FZ0JyXqy","en","https://pbs.twimg.com/profile_banners/1663014871/1517211083","http://abs.twimg.com/images/themes/theme1/bg.png","http://pbs.twimg.com/profile_images/962973198311555072/yUoNOaxw_normal.jpg"
"x950253458","Carol Hargreaves","CarolAchieve","Lancashire","Mum, Grandma,  Alternative School Teacher,  NLP Master Practitioner, Trainer, gardener, walker and avid reader","http://t.co/AYxrqE3reJ",FALSE,178,397,3,2880,1333,2012-11-15 18:36:34,FALSE,"http://t.co/AYxrqE3reJ","http://www.achievenorthwest.org","en-gb","https://pbs.twimg.com/profile_banners/950253458/1518731678","http://abs.twimg.com/images/themes/theme18/bg.gif","http://pbs.twimg.com/profile_images/964257320686546944/L9QWg1Tu_normal.jpg"
"x30557224","Adrienne Starr","MsWildDiva","NYC!","aka WildDiva BBW. I'm going to be famous. One cool chick! email 4 biz ONLY wilddiva99@yahoo.com","https://t.co/0sMr6aB0RW",FALSE,9961,779,124,28658,2358,2009-04-12 00:06:59,FALSE,"https://t.co/0sMr6aB0RW","https://www.youtube.com/channel/UCeQ9O0LLKy1evN8EPprHAFA","en","https://pbs.twimg.com/profile_banners/30557224/1480183407","http://pbs.twimg.com/profile_background_images/357026494/twitter_background.jpg","http://pbs.twimg.com/profile_images/801571110684794880/GvlJ8FaN_normal.jpg"
"x1385663808","Steve Vegvari","SVegvari","Toronto","Toronto | Video Game Freelance Writer For @WorldGaming | Chipotle Sauce | Coffee | XBL/PSN: tough c | Business Contact: svegvari@gmail.comüéÆ",,FALSE,217,335,6,6272,9077,2013-04-27 23:29:18,FALSE,,,"en","https://pbs.twimg.com/profile_banners/1385663808/1472482603","http://abs.twimg.com/images/themes/theme9/bg.gif","http://pbs.twimg.com/profile_images/770273703947034624/A07fostA_normal.jpg"
"x786529793516851200","Mariobailey","Mmariobailey2","Memphis, TN","I'm a Christian single black male look for sex it don't matter know male or females",,FALSE,378,1438,1,9402,11096,2016-10-13 11:31:30,FALSE,,,"en","https://pbs.twimg.com/profile_banners/786529793516851200/1516591651",,"http://pbs.twimg.com/profile_images/957510124125544449/rKxPvKP2_normal.jpg"
"x820173404","Martha","AlohaMejia","Inglewood, CA","UCLA üêª",,FALSE,401,223,5,25918,5416,2012-09-12 19:05:48,FALSE,,,"en","https://pbs.twimg.com/profile_banners/820173404/1439277462","http://pbs.twimg.com/profile_background_images/764157597/3f481ab587830c7dd75c54cd850eef51.jpeg","http://pbs.twimg.com/profile_images/933966838970564608/Khbl9JTI_normal.jpg"
"x199961536","Loolaboo Jenkins","Fail_lula","Southern California","I am a gamer, streamer, run some stuff for @towelthetank. I cook live on https://t.co/EZQPnRTjYR To contact me : Lulaboogaming@gmail.com","https://t.co/bkBot3BrXL",FALSE,8864,1181,83,18263,21199,2010-10-08 03:35:01,FALSE,"https://t.co/bkBot3BrXL","http://www.twitch.tv/lulaboo","en","https://pbs.twimg.com/profile_banners/199961536/1460173741","http://abs.twimg.com/images/themes/theme10/bg.gif","http://pbs.twimg.com/profile_images/938124622205038594/hrvkXdry_normal.jpg"
"x558019169","Pamela","pamedrano9698","Texas, USA","My family hold the key to my heart, blessed!                                       https://t.co/33DqB1nzOJ",,FALSE,176,153,0,1306,3133,2012-04-19 20:12:46,FALSE,,,"en","https://pbs.twimg.com/profile_banners/558019169/1481170708","http://abs.twimg.com/images/themes/theme10/bg.gif","http://pbs.twimg.com/profile_images/923012666804899840/NBeaM8G6_normal.jpg"
"x3419183778","Student Health","ChicoStateSHC","Chico, CA","The official Twitter of CSU, Chico Student Health Center. Follow us for information and health education events!","https://t.co/0RlNguC79u",FALSE,142,121,2,160,38,2015-09-01 22:21:04,FALSE,"https://t.co/0RlNguC79u","http://www.csuchico.edu/shs/index.shtml","en","https://pbs.twimg.com/profile_banners/3419183778/1501106060","http://abs.twimg.com/images/themes/theme5/bg.gif","http://pbs.twimg.com/profile_images/890328816844906496/XWRaRi_0_normal.jpg"
"x949378712088137728","Gwen C. Davis","GwenCDavis2","Northwest MONTANA","Life isn't a dress rehearsal.  You're only going around once.  Enjoy it!",,FALSE,46,81,1,658,1582,2018-01-05 20:34:58,FALSE,,,"en","https://pbs.twimg.com/profile_banners/949378712088137728/1518489311",,"http://pbs.twimg.com/profile_images/962175949524541441/uLoeeYVN_normal.jpg"
"x938019685026664449","ùó£ùóøùó∂ùóªùó∞ùó≤","STlCKYLIKEGLUE","Chanhassen","Roleplay ~ SLOW DOWN AND COUNT EVERY KISS URSELF. ; Lae. ‚ù§Ô∏è","https://t.co/8L4nVV6zIm",FALSE,341,447,2,6209,3184,2017-12-05 12:18:15,FALSE,"https://t.co/8L4nVV6zIm","https://curiouscat.me/STlCKYLIKEGLUE","en","https://pbs.twimg.com/profile_banners/938019685026664449/1519507660",,"http://pbs.twimg.com/profile_images/968056350394732544/K2fsVewr_normal.jpg"
"x103082888","John Altavilla","jaltavilla","Hartford, CT","UConn men's hockey writer, faux Don Draper, lover of wine, culture, Broadway and baseball. Can be found on https://t.co/Y7NZtJ7kLa or my facebook home page","http://t.co/ORBmcaUCv1",FALSE,2828,314,124,33010,433,2010-01-08 20:42:57,FALSE,"http://t.co/ORBmcaUCv1","http://courant.com/sports/uconn-huskies/","en","https://pbs.twimg.com/profile_banners/103082888/1478724240","http://abs.twimg.com/images/themes/theme1/bg.png","http://pbs.twimg.com/profile_images/593133267836018688/ztdbePvG_normal.jpg"
"x717732922","alan lillington","AlanLillington","w","youtube channel name alan lillington footballer computer gamer ps3 xbox 360 ipod nexus tablet and computer and wizards",,FALSE,1235,2674,5,5365,129,2013-10-16 14:44:44,FALSE,,,"en","https://pbs.twimg.com/profile_banners/717732922/1403983055","http://abs.twimg.com/images/themes/theme1/bg.png","http://pbs.twimg.com/profile_images/883433722585939968/mbB4tCMj_normal.jpg"
"x525730665","Johnoorie","Jmg64John","Scotland","Husband, Dad and general dogsbody. Loves Celtic. Looking forward to indyref2. Wont interact with Yoons or Bigots - instant block.",,FALSE,801,1076,13,17556,7232,2012-03-15 20:39:05,FALSE,,,"en","https://pbs.twimg.com/profile_banners/525730665/1451872020","http://abs.twimg.com/images/themes/theme1/bg.png","http://pbs.twimg.com/profile_images/898950526213263361/sFRl455i_normal.jpg"
"x2392732732","LionheartedButterfly","LillyCruz07","New York City","Life, Fibromyalgia and the Pursuit of Happiness...NEVER GIVING UP! Fibromyalgia & Esophageal Cancer Warrior. I wear purple & periwinkle for me.Follow me on FB‚§µÔ∏è","https://t.co/AQqakTuaUM",FALSE,197,238,35,3548,495,2014-03-08 03:15:51,FALSE,"https://t.co/AQqakTuaUM","https://m.facebook.com/lifefibroandpursuitofhappiness/","en","https://pbs.twimg.com/profile_banners/2392732732/1456894558","http://abs.twimg.com/images/themes/theme1/bg.png","http://pbs.twimg.com/profile_images/767906145927397380/U5laaKfW_normal.jpg"
"x2280865362","Takiyah Davis","TakiyahDavis1","Novi, MI","I am a wife and mother. I love reading, Netflix, and swimming.",,FALSE,1028,942,11,13785,881,2014-01-07 16:43:10,FALSE,,,"en","https://pbs.twimg.com/profile_banners/2280865362/1426081270","http://abs.twimg.com/images/themes/theme1/bg.png","http://pbs.twimg.com/profile_images/614208411945824256/j1BBgntn_normal.jpg"
"x133823173","Nicki","nickithemermaid","Boston","21, student. Wheelock College '18. am i interesting? lets find out. üíç


less stress, more love üíï","https://t.co/YWyCmFKU43",FALSE,1002,549,58,20072,7112,2010-04-16 18:33:36,FALSE,"https://t.co/YWyCmFKU43","http://instagram.com/theredheadwithfins","en","https://pbs.twimg.com/profile_banners/133823173/1507837980","http://abs.twimg.com/images/themes/theme4/bg.gif","http://pbs.twimg.com/profile_images/965258276786130944/YugXPbTl_normal.jpg"
"x175124173","St. Kate's - Drake","StKatesDrake","Des Moines, IA","St. Kate's strives to be a home away from home for Catholic college students at Drake University and throughout Des Moines. And follow @du_catholic, too!","https://t.co/qashup0S8w",FALSE,77,37,5,863,3,2010-08-05 18:10:07,FALSE,"https://t.co/qashup0S8w","http://www.stcatherinedrake.org","en",,"http://abs.twimg.com/images/themes/theme1/bg.png","http://pbs.twimg.com/profile_images/1503916914/logo_normal.png"
"x3085574413","Delay Jorden","Delay780","Edmonton, Alberta","Delay is quickly carving out his name in Edmonton's halls of hip hop. With his style of seemingly endless heavy hitting bars he prepares to conquer the world.",,FALSE,42,144,0,149,7,2015-03-15 14:29:45,FALSE,,,"en","https://pbs.twimg.com/profile_banners/3085574413/1458762285","http://abs.twimg.com/images/themes/theme1/bg.png","http://pbs.twimg.com/profile_images/712722463050706944/aNGS8Nk0_normal.jpg"
"x27728103","Shelby Kate","heyshelbykate","Chicago, IL","absolute literal Marvel‚Ñ¢Ô∏è trash, I may seem angry and that‚Äôs because I am","https://t.co/aLqyP4imaZ",FALSE,265,288,7,10385,3605,2009-03-30 21:02:48,FALSE,"https://t.co/aLqyP4imaZ","http://Instagram.com/heyshelbykate","en","https://pbs.twimg.com/profile_banners/27728103/1519936093","http://pbs.twimg.com/profile_background_images/539475386120155136/IGwL8HiM.jpeg","http://pbs.twimg.com/profile_images/969308340487630848/wRBWBXZo_normal.jpg"
"x468079609","ACh","CristianCoro30","Austin Tx","just your average savage 
keeping it real since 1996
|TXST|",,FALSE,257,246,1,22038,5518,2012-01-19 04:39:59,FALSE,,,"en","https://pbs.twimg.com/profile_banners/468079609/1461734003","http://pbs.twimg.com/profile_background_images/584983077/x52ead0b62bbd98417ca555f976e6563.jpg","http://pbs.twimg.com/profile_images/966012725603155968/AyUBxjeT_normal.jpg"
"x1172599777","JASON YAUNK","JASONYAUNK","Waterloo, IA","",,FALSE,39,269,1,1201,4210,2013-02-12 17:24:20,FALSE,,,"en","https://pbs.twimg.com/profile_banners/1172599777/1469730155","http://abs.twimg.com/images/themes/theme1/bg.png","http://pbs.twimg.com/profile_images/758724577941827585/gsam2bZ4_normal.jpg"
"x317244343","Taz","RealDJTaz","Medway, Kent ","AudioPhile and part-time DJ on #househeadsradio. Love Mini's, family and food.","https://t.co/5wORwYOyDM",FALSE,392,683,4,3662,1768,2011-06-14 17:04:14,FALSE,"https://t.co/5wORwYOyDM","http://www.minitaz.co.uk","en","https://pbs.twimg.com/profile_banners/317244343/1372976400","http://abs.twimg.com/images/themes/theme1/bg.png","http://pbs.twimg.com/profile_images/378800000035995485/12e33894538c1dcb94a4a6daf20982ba_normal.jpeg"
"x3079363773","Vonsila Kennels","vonsila","Syracuse New York","","http://t.co/3BB8UL6HJF",FALSE,14,40,0,1899,0,2015-03-08 14:27:28,FALSE,"http://t.co/3BB8UL6HJF","http://vonsilakennels.com/","en",,"http://abs.twimg.com/images/themes/theme1/bg.png","http://pbs.twimg.com/profile_images/574577696568541185/O8EGmxFy_normal.png"
"x17509945","MedPage Today","medpagetoday","New York, NY","Daily, peer reviewed medical news for clinicians","http://t.co/b0FEBgHkrS",FALSE,56577,6277,1865,32031,3698,2008-11-20 12:14:04,TRUE,"http://t.co/b0FEBgHkrS","http://www.medpagetoday.com/","en","https://pbs.twimg.com/profile_banners/17509945/1472750895","http://pbs.twimg.com/profile_background_images/566086100/6nskwqoe8kuwud3kk1iq.jpeg","http://pbs.twimg.com/profile_images/562349842358218754/gjagNG72_normal.png"
"x40308046","Dianne Thompson","djt10","Eastern Washington","Dianne Jacobs Thompson Anti-vax,  investigative researcher, writer, teacher, alternative medicine , author-https://t.co/eByBv0d734","http://t.co/gLBuBLeNbm",FALSE,117,473,0,170,2,2009-05-15 19:05:20,FALSE,"http://t.co/gLBuBLeNbm","http://truthquest2.com","en",,"http://abs.twimg.com/images/themes/theme1/bg.png","http://pbs.twimg.com/profile_images/739424906/meMoody2_normal.jpg"
"x61242356","The Wolf","943973THEWOLF","Hudson Valley, NY","Hudson Valley's New Country","https://t.co/Qwsvz51uyl",FALSE,1288,277,13,23800,51,2009-07-29 17:04:45,FALSE,"https://t.co/Qwsvz51uyl","http://www.hudsonvalleycountry.com","en","https://pbs.twimg.com/profile_banners/61242356/1495551527","http://abs.twimg.com/images/themes/theme9/bg.gif","http://pbs.twimg.com/profile_images/337987893/WOLF-SIMULCAST_normal.jpg"
"x3273145242","Bee2Bee Honey","bee2beehoneytx","Houston, TX","Beekeeping services and local honey collective. Catch us on Season 5 of @startup_usa!","https://t.co/Lyo0TetOX9",FALSE,92,19,6,235,42,2015-07-09 16:20:17,FALSE,"https://t.co/Lyo0TetOX9","http://www.bee2beehoney.com","en","https://pbs.twimg.com/profile_banners/3273145242/1457461690","http://abs.twimg.com/images/themes/theme1/bg.png","http://pbs.twimg.com/profile_images/707271490014556160/rPvW6mrc_normal.jpg"
"x15282064","Dana-Farber","DanaFarber","Boston, Massachusetts","Dana-Farber Cancer Institute is a leading center for expert, compassionate cancer care and advanced research. Appointments at: 877-442-3324","https://t.co/OAsmpJaPqE",FALSE,77464,10237,1407,28683,18042,2008-06-30 20:44:02,TRUE,"https://t.co/OAsmpJaPqE","http://www.dana-farber.org/","en","https://pbs.twimg.com/profile_banners/15282064/1492807671","http://pbs.twimg.com/profile_background_images/789748940/2b462beb98b7e24ba1e321f7819860f5.jpeg","http://pbs.twimg.com/profile_images/859792013218263041/Upl5i8cH_normal.jpg"
"x133947786","Brooke","Akersssss","Eustis, FL","üåø‚öΩÔ∏èüëëüåèüç©üíõüçæüç£üíëüåÆüçïüê∂ü•ûüëüüíãüç∑",,FALSE,703,829,3,7020,7333,2010-04-17 02:17:32,FALSE,,,"en","https://pbs.twimg.com/profile_banners/133947786/1519947943","http://abs.twimg.com/images/themes/theme1/bg.png","http://pbs.twimg.com/profile_images/894705454315601921/iW80GXX9_normal.jpg"
"x931693855316918273","YoursTruly","RealDeb18","Southern California","I am no age and all ages. Justice for all and in all things. Outraged and, sometimes, outrageous. Taking the long view and making change now. Trump makes me ü§¢",,FALSE,337,670,0,2484,3094,2017-11-18 01:21:39,FALSE,,,"en","https://pbs.twimg.com/profile_banners/931693855316918273/1517678231",,"http://pbs.twimg.com/profile_images/967103420363493376/UUMGa-2C_normal.jpg"
"x102151422","Mix 97.7","mix97fm","Poughkeepsie, NY","The Best Music Mix!  Listen on your radio or online at http://t.co/Nk1zTKEf!","http://t.co/W6MCRqYoX5",FALSE,434,12,4,13070,0,2010-01-05 20:06:42,FALSE,"http://t.co/W6MCRqYoX5","http://www.mix97fm.com","en",,"http://pbs.twimg.com/profile_background_images/275613439/mix_2011_logo.jpg","http://pbs.twimg.com/profile_images/2238554400/NEWLOGO-2011twitter_normal.JPG"
"x548075378","raeü•Ä","rollsjoyce__","ATLüçë","||üëº RIP kim, kfred & papa||21||6‚Ä¢2‚Ä¢16‚ô°üíç||Police K9 Handler||Clemson University üêÖ||KSU||#notmypresident||BLM",,FALSE,627,365,4,34046,8435,2012-04-08 02:35:02,FALSE,,,"en","https://pbs.twimg.com/profile_banners/548075378/1519780529","http://pbs.twimg.com/profile_background_images/466406245294145536/qdJo5DxR.png","http://pbs.twimg.com/profile_images/966310598668668928/b_JbtTZk_normal.jpg"
"x95191869","laura louise garrett","L4UR4123","south wales","If u want somthing go for it !! everything is possible !! live for today....one love singing !",,FALSE,378,805,0,3312,137,2009-12-07 12:32:00,FALSE,,,"en","https://pbs.twimg.com/profile_banners/95191869/1471864313","http://abs.twimg.com/images/themes/theme1/bg.png","http://pbs.twimg.com/profile_images/767680683108073472/EGAaqQXx_normal.jpg"
"x1393334851","FearStreetZombie","FearStreetZom","Louisiana, USA","Ash; Book reviewer for Reviews of a FearStreetZombie :)
Bookworm & coffee addict 
IG: reviewsofafearstreetzombie","http://t.co/zK39tEYbsj",FALSE,162,130,6,1557,302,2013-04-30 23:35:09,FALSE,"http://t.co/zK39tEYbsj","http://fearstreetzombiereviews.blogspot.com/","en","https://pbs.twimg.com/profile_banners/1393334851/1434605900","http://pbs.twimg.com/profile_background_images/624326138332975104/_qE9S-Ae.jpg","http://pbs.twimg.com/profile_images/850517221973479424/LnNwMtod_normal.jpg"
"x764556440484798469","Wanderin Gypsy","Wanderin_Gypsy","Missouri, USA","We play original outlaw country Our self titled debut album released 5/26/17 Available worldwide Find it on CD Baby, iTunes, Google Music, Spotify & many more","https://t.co/GAAlYoc3nj",FALSE,3368,3587,10,1281,5839,2016-08-13 20:17:15,FALSE,"https://t.co/GAAlYoc3nj","https://www.wanderingypsy.net/","en","https://pbs.twimg.com/profile_banners/764556440484798469/1507484629","http://abs.twimg.com/images/themes/theme1/bg.png","http://pbs.twimg.com/profile_images/764747767704981504/VsXemAd2_normal.jpg"
"x775403870105112578","Poe Dameron üêÄ","Anarchysnail","Reno, NV","üí© Lesbian Edward Elric ‚ú® she/her","https://t.co/wDz3T1EApn",FALSE,258,295,4,6841,29406,2016-09-12 18:41:04,FALSE,"https://t.co/wDz3T1EApn","https://www.youtube.com/watch?v=p7pUXi5AFn8","en","https://pbs.twimg.com/profile_banners/775403870105112578/1503720608","http://abs.twimg.com/images/themes/theme1/bg.png","http://pbs.twimg.com/profile_images/952319196418818048/9Q_O836P_normal.jpg"
"x831374309562019840","Gage ü•Ä","Icanreadnigga","Ceiba Norte, Puerto Rico","San Diego",,FALSE,472,279,5,23182,4423,2017-02-14 05:27:36,FALSE,,,"en","https://pbs.twimg.com/profile_banners/831374309562019840/1519948191",,"http://pbs.twimg.com/profile_images/969173278144147456/Rfp1ruo0_normal.jpg"
"x4241617219","VForVictoryüá∫üá∏","VforVictory1","Austin, Texas","Birdwatcher, semi-retired Dentist ü§ìLover of a clean environment.üêù #TraitorTrump #TheResistance üóΩüá∫üá∏#GoSolar #StopWindTurbines -they kill raptors/bats/birds",,FALSE,3704,4978,40,81190,93756,2015-11-15 03:53:58,FALSE,,,"en","https://pbs.twimg.com/profile_banners/4241617219/1485305523","http://abs.twimg.com/images/themes/theme1/bg.png","http://pbs.twimg.com/profile_images/852919610693357568/b0sClWGQ_normal.jpg"
"x148542994","Gilly J","MsGillyJ","Jamaica","A researcher, analyst and future Actuary & I'm from Jamaica!!",,FALSE,336,366,5,10196,396,2010-05-27 00:01:57,FALSE,,,"en","https://pbs.twimg.com/profile_banners/148542994/1431056792","http://pbs.twimg.com/profile_background_images/759011544/27c88e234719a2f6c0532c378f0643a8.jpeg","http://pbs.twimg.com/profile_images/782066363519033348/2O6yJ-UT_normal.jpg"
"x2872725604","Roland Chowfatt","TrueTriniRed","New York City","A Holistic Health&Wellness Consultant An IIN & SJU graduate My passion is to help those who want better optimal health&wellness Eat well Live well LFC4LIFE YNWA",,FALSE,2111,2311,168,3815,346,2014-11-11 19:03:35,FALSE,,,"en","https://pbs.twimg.com/profile_banners/2872725604/1415733390","http://abs.twimg.com/images/themes/theme1/bg.png","http://pbs.twimg.com/profile_images/712573248215597056/58eu8JGf_normal.jpg"
"x61281815","JP","mrparadise24","Green Bay, WI","There are 1,440 minutes in a day.",,FALSE,271,616,9,8825,6306,2009-07-29 20:02:10,FALSE,,,"en","https://pbs.twimg.com/profile_banners/61281815/1512355153","http://abs.twimg.com/images/themes/theme9/bg.gif","http://pbs.twimg.com/profile_images/951960109780910080/coXm1Q7F_normal.jpg"
"x1652155195","lil' kbjwes77","kbjwes77","08857","Half of the hobby game-dev team Orbital Technologies, based in the United States.","https://t.co/ldGbiF2vhj",FALSE,287,561,28,4345,6696,2013-08-07 05:32:15,FALSE,"https://t.co/ldGbiF2vhj","https://kbjwes77.github.io/","en","https://pbs.twimg.com/profile_banners/1652155195/1512618871","http://pbs.twimg.com/profile_background_images/564201760508497920/2oLMSc3J.png","http://pbs.twimg.com/profile_images/962962448176287744/FAgmb7TA_normal.jpg"
"x739478241463926786","Mischa Zoe & Rho(mum)","knitwearstudio","New England ","I love naps, food, chasing my sisfur, mischief. Zoe loves naps, treats, food. Mum Rho loves us, knitwear design, opera, mediaeval legal history (odd mum)",,FALSE,235,206,3,6212,20747,2016-06-05 15:25:26,FALSE,,,"en",,,"http://pbs.twimg.com/profile_images/874984690217877505/guO4LFUu_normal.jpg"
"x1265915347","Lil Chicken Boob","casslur","Omaha, NE","boob of all chickens. I'm only barely cool online, expect nothing irl.",,FALSE,882,621,2,43761,111847,2013-03-14 01:40:11,FALSE,,,"en","https://pbs.twimg.com/profile_banners/1265915347/1514270371","http://pbs.twimg.com/profile_background_images/517506830210064384/BBk2PVnc.jpeg","http://pbs.twimg.com/profile_images/960374563367464960/XIwN3VLJ_normal.jpg"
"x3035151470","Art Of BoardGaming","AOBoardgaming","Fort Myers, FL","Joe. Gamer. Blogger. Professional Gaming Podcast Guest. Aspiring Board Game Photographer. Patron Saint of the Internet.","https://t.co/tPoLnpuIrc",FALSE,1849,458,75,8173,7007,2015-02-21 20:01:37,FALSE,"https://t.co/tPoLnpuIrc","http://ArtOfBoardgaming.com","en","https://pbs.twimg.com/profile_banners/3035151470/1516498070","http://abs.twimg.com/images/themes/theme1/bg.png","http://pbs.twimg.com/profile_images/812880009325068288/nQWHayW4_normal.jpg"
"x720820397562671104","Melissa Smith","Melissa62263619","California, USA","CA native TX roots. Love God & USA Stand 4 üá∫üá∏#MAGA.  Turn CA RED 2 #MCGA Conservative. Catholic.  Fight 4 truth & decency ‚ù§Ô∏è2 laugh ‚ù§Ô∏èdogs ‚ù§Ô∏èlife.üôè‚úåÔ∏èüá∫üá∏üòé",,FALSE,1251,829,24,3782,32999,2016-04-15 03:45:49,FALSE,,,"en",,,"http://pbs.twimg.com/profile_images/731664558561984513/gDQ9EjHW_normal.jpg"
"x20874939","Paula Reynolds","pjmck","Scotland","I make stuff with thread and wool in the West of Scotland where I also obsess about Doctor Who. Stitching coordinator of Tapestry of Renfrewshire @rentapestry","https://t.co/Eyy1csMJBr",FALSE,389,663,28,17755,10961,2009-02-14 22:13:36,FALSE,"https://t.co/Eyy1csMJBr","http://celticstitcher.blogspot.com/","en","https://pbs.twimg.com/profile_banners/20874939/1393774701","http://abs.twimg.com/images/themes/theme6/bg.gif","http://pbs.twimg.com/profile_images/440147770498772993/mAbAyKe6_normal.jpeg"
"x54654799","Angharad","AngharadLouise","Essex","..save your love and buy me diamonds..",,FALSE,430,97,3,8457,1730,2009-07-07 19:52:45,FALSE,,,"en","https://pbs.twimg.com/profile_banners/54654799/1490647475","http://abs.twimg.com/images/themes/theme18/bg.gif","http://pbs.twimg.com/profile_images/937699484502577152/ptN-pWje_normal.jpg"
"x917560924751491073","Stacy Heffner","StacyHeff1","Chicago, IL","IP attorney and digital security expert that loves all things football, hockey, and horror. Bears, Blackhawks, Sooners cfb.  A little cooking thrown in too.",,FALSE,79,109,0,538,998,2017-10-10 01:22:26,FALSE,,,"en","https://pbs.twimg.com/profile_banners/917560924751491073/1511238158",,"http://pbs.twimg.com/profile_images/917562985153007622/oumnvIWG_normal.jpg"
"x18161602","DallasOEM","DallasOEM","Dallas, Texas","City of Dallas Office of Emergency Management","https://t.co/gReVxNTl6T",FALSE,10665,316,455,7470,206,2008-12-16 13:05:48,TRUE,"https://t.co/gReVxNTl6T","http://dallasemergencymanagement.com","en",,"http://pbs.twimg.com/profile_background_images/18391507/Dallas_OEM_Twitter.png","http://pbs.twimg.com/profile_images/611898264145649664/vLJFITCM_normal.jpg"
"x754077730241597441","DivineMsM","divinemsm05","Missouri City, TX","",,FALSE,23,287,0,1933,14627,2016-07-15 22:18:35,FALSE,,,"en",,,"http://abs.twimg.com/sticky/default_profile_images/default_profile_normal.png"
"x64818227","MELINDA MERRILL","KIPPSI1","Tucson, Arizona","Ange's mom .Animal & human rights. Love science and always learning. Not here to buy or sell.Environmental issues, animal/human abuse issues Concern 4 wildlife.",,FALSE,12251,10781,232,162228,24977,2009-08-11 20:43:26,FALSE,,,"en","https://pbs.twimg.com/profile_banners/64818227/1366172910","http://abs.twimg.com/images/themes/theme10/bg.gif","http://pbs.twimg.com/profile_images/3533477030/5963b56ef56d9c9d84854c9cbc37977e_normal.jpeg"
"x59409602","üåàArkady üí•üå∑","Arkady2009","Australia","Australian Muslim who loves karate and other exercise. Passionate about marriage equality, reproductive rights, and the plight of asylum seekers.",,FALSE,832,937,23,52620,32725,2009-07-23 09:24:04,FALSE,,,"en","https://pbs.twimg.com/profile_banners/59409602/1515048811","http://abs.twimg.com/images/themes/theme5/bg.gif","http://pbs.twimg.com/profile_images/962655623161643009/kcmbKMm2_normal.jpg"
"x19742973","Steph üå∫","wanderlustpulse","Cyprus","Travel representative üåç Travel & mindfulness blogger ‚úà Travel editor for @TheGrownUpGuide
wanderlustpulse@outlook.com","https://t.co/N9ZkvbEqiN",FALSE,395,274,6,4165,19195,2009-01-29 23:43:53,FALSE,"https://t.co/N9ZkvbEqiN","http://www.wanderlustpulse.com","en","https://pbs.twimg.com/profile_banners/19742973/1486850452","http://pbs.twimg.com/profile_background_images/422541439/shimmer-peace.jpg","http://pbs.twimg.com/profile_images/925015244031889408/jvV-uPl2_normal.jpg"
"x87752958","Minerva Zimmerman","grumpymartian","Oregon","Writer of tragically funny fiction. Statistically Chaotic Neutral Paladin. She stabs people in their fronts. http://t.co/A2xgubfjgR","http://t.co/uT6l2V8Why",FALSE,836,578,90,67170,20818,2009-11-05 18:42:32,FALSE,"http://t.co/uT6l2V8Why","http://minervazimmerman.com/","en","https://pbs.twimg.com/profile_banners/87752958/1384977740","http://pbs.twimg.com/profile_background_images/378800000168520127/MW7COdzg.png","http://pbs.twimg.com/profile_images/632408910251425794/orlBWgp1_normal.jpg"
"x15053728","Deseret News Sports","desnewssports","Salt Lake City, Utah","DNews sports that offers links to stories, breaking content and shares other content of interest to Jazz, Cougars, Utes, Aggies and high schools","http://t.co/TEZewZCNOO",FALSE,17385,608,310,71162,1896,2008-06-09 04:06:41,FALSE,"http://t.co/TEZewZCNOO","http://www.deseretnews.com/sports","en","https://pbs.twimg.com/profile_banners/15053728/1472685112","http://pbs.twimg.com/profile_background_images/5522470/twitter-bkgd.gif","http://pbs.twimg.com/profile_images/771104581103169536/P5JMeRfK_normal.jpg"
"x22502126","Dee","deebelle3","Fairfax Virginia","retired and aging...what can I say! Liberal;animal lover;all around nice person...retired caseworker..#TheResistance",,FALSE,1321,4997,1,37371,22929,2009-03-02 16:40:38,FALSE,,,"en","https://pbs.twimg.com/profile_banners/22502126/1440266398","http://abs.twimg.com/images/themes/theme16/bg.gif","http://pbs.twimg.com/profile_images/953396976065875969/XmqIphhB_normal.jpg"
"x53948043","EqualRightsForAll","hearwhatIsay2","Texas, USA","",,FALSE,878,228,17,42653,18863,2009-07-05 16:47:44,FALSE,,,"en","https://pbs.twimg.com/profile_banners/53948043/1516144134","http://abs.twimg.com/images/themes/theme7/bg.gif","http://pbs.twimg.com/profile_images/953403920977600512/v8NFIpd5_normal.jpg"
"x1308265194","Lauren Garrettüåπ‚ú®","Laurengarrettxo","Somerset","seventeenüíÅüèº‚Äç‚ôÄÔ∏èthe moon is apparently grey not white & this emoji:üåë is apparently grey not blue #imnotdumbipromise",,FALSE,489,389,6,6705,22433,2013-03-27 18:43:18,FALSE,,,"en","https://pbs.twimg.com/profile_banners/1308265194/1512544142","http://abs.twimg.com/images/themes/theme1/bg.png","http://pbs.twimg.com/profile_images/879362265652350976/lZXx-2lO_normal.jpg"
"x4538583629","Simon X. Virtanen","XaryenMaelstrom","Finland","Xaryen Maelstrom. Crazy artistic gaymer graphics design artist. trans-male.
I do graphics design work as well as art comissions. #art #graphicdesign  #realistic",,FALSE,17,40,2,830,680,2015-12-19 19:41:09,FALSE,,,"en","https://pbs.twimg.com/profile_banners/4538583629/1510614857",,"http://pbs.twimg.com/profile_images/964011371200466944/XL-UdiYu_normal.jpg"
"x193787818","Claire Morgan-Hughes","CMorgan_Hughes","Devon","üë†üëüüëóüíÑüíã Mother, fitness trainer, motivation coach, marathon runner, former nurse, spinning many plates and loves a bit of luxury!","https://t.co/eG6LYxB2to",FALSE,1502,1843,85,14266,3600,2010-09-22 17:51:46,FALSE,"https://t.co/eG6LYxB2to","http://devonfitcamp.co.uk","en","https://pbs.twimg.com/profile_banners/193787818/1518022386","http://pbs.twimg.com/profile_background_images/317839323/dfcfb_1_.jpg","http://pbs.twimg.com/profile_images/778538209886240768/5Gqt0Xui_normal.jpg"
"x965052575409205248","James Sandoval","Rhandpiller","Florida, USA","Saint Leo Graduate Elem ed.  Caregiver, Children church, mentor,",,FALSE,3,11,0,96,15,2018-02-18 02:37:18,FALSE,,,"en",,,"http://pbs.twimg.com/profile_images/965438284032827392/_E5OKBxq_normal.jpg"
"x808946475178700800","Joshua","J_roy9620","Pico Rivera, CA","CA‚úàÔ∏èKS #jucoproduct üìûGod ||Ottawa university commit||",,FALSE,54,233,0,482,3092,2016-12-14 08:07:23,FALSE,,,"en","https://pbs.twimg.com/profile_banners/808946475178700800/1481703113",,"http://pbs.twimg.com/profile_images/961329551207907328/gzU75zDP_normal.jpg"
"x954853952415178752","Cadence Caine","CadenceCaine","Edmonton, Alberta","CANADIAN BABEüá®üá¶from VanIsland‚û°Ô∏èYEG. BuBbLy Blonde GFE PSE üíúloves adventure very passionate and outgoing. Independent courtesan
587-892-3172üñ§üñ§üñ§",,FALSE,45,8,0,16,4,2018-01-20 23:11:37,FALSE,,,"en",,"http://abs.twimg.com/images/themes/theme1/bg.png","http://pbs.twimg.com/profile_images/956646125926211584/882BpHdi_normal.jpg"
"x826236031942942721","Jelly ""the memo"" Roller","altjellyroller","North Carolina, USA","NC single Mom, Deadhead, Living Blue in a Red State. Tired of all this winning. Low BS tolerance. #resist",,FALSE,293,365,0,19771,41931,2017-01-31 01:09:55,FALSE,,,"en","https://pbs.twimg.com/profile_banners/826236031942942721/1517623482",,"http://pbs.twimg.com/profile_images/959608547511332864/UNtC0M-A_normal.jpg"
"x41399487","Kane County Health","KaneCoHealth","Aurora, Illinois","The official Twitter page for the Kane County Health Department. Our Vision: Kane County residents are the healthiest in Illinois by 2030.","http://t.co/TpuPHj4Epv",FALSE,2332,963,101,3854,28,2009-05-20 17:05:02,FALSE,"http://t.co/TpuPHj4Epv","http://www.kanehealth.com","en",,"http://abs.twimg.com/images/themes/theme4/bg.gif","http://pbs.twimg.com/profile_images/704314837208150018/aYo2cf2t_normal.jpg"
"x98933019","‚ùÑ Mugger_Mike ‚ùÑ","Mugger_Mike","Ann Arbor, MI","#Activist #AnnArbor #Anonymous  #Politics #OpSafeWinter #FreeTrutherBot #InternetTroll (RT's are not indorsments)

Vi veri veniversum vivus vici",,FALSE,982,2443,34,31174,31250,2009-12-23 18:22:38,FALSE,,,"en","https://pbs.twimg.com/profile_banners/98933019/1484189705","http://pbs.twimg.com/profile_background_images/435884434/knobs_4_3.jpg","http://pbs.twimg.com/profile_images/3568420863/e31f3551c85ab647e11b4bb6d866168e_normal.jpeg"
"x17690747","PalMD","palmd","Great Lakes","Internist and medical writer/blogger. Tweets guaranteed to be franker and snarkier than my other writing.","https://t.co/fyCPpsLXLe",FALSE,3453,1866,313,23389,3558,2008-11-27 21:57:57,FALSE,"https://t.co/fyCPpsLXLe","http://www.forbes.com/sites/peterlipson/","en","https://pbs.twimg.com/profile_banners/17690747/1373594904","http://pbs.twimg.com/profile_background_images/460276179/x365330430c91efb70545d0b3aa7649e.jpg","http://pbs.twimg.com/profile_images/896559166025859072/K9CH91NG_normal.jpg"
"x857601863755022336","Cooper MD","CooperMD1","Port Jefferson Station, NY","Cooper MD Urgent Health Care Center is an urgent care medical practice that will serve the Port Jefferson Station, Long Island, New York area.","https://t.co/M3QzCHDfLX",FALSE,1,0,0,193,0,2017-04-27 14:26:32,FALSE,"https://t.co/M3QzCHDfLX","http://www.coopermdny.com","en","https://pbs.twimg.com/profile_banners/857601863755022336/1493325826",,"http://pbs.twimg.com/profile_images/857696742304653312/hb_CUONi_normal.jpg"
"x1275656971","GreenTip of the Week","GreenTipGuy","Dallas, TX","Just a weird guy offering simple ways to improve your life...or random songs. Either way","http://t.co/thL1vvRrWd",FALSE,1800,2930,101,1820,1775,2013-03-17 18:17:32,FALSE,"http://t.co/thL1vvRrWd","http://www.greenTIPofTHEweek.com","en","https://pbs.twimg.com/profile_banners/1275656971/1492568245","http://abs.twimg.com/images/themes/theme14/bg.gif","http://pbs.twimg.com/profile_images/854519099799384064/bBiAUQjV_normal.jpg"
"x783041804811833345","Spartanburg OBGYN","spartanburgob","Spartanburg, SC","Providing compassionate healthcare to the women of upstate South Carolina for over 40 years.","https://t.co/kF2QH2HvGs",FALSE,16,9,2,89,0,2016-10-03 20:31:29,FALSE,"https://t.co/kF2QH2HvGs","http://www.spartanburgob.com/","en","https://pbs.twimg.com/profile_banners/783041804811833345/1476384241",,"http://pbs.twimg.com/profile_images/786631421012152320/zv5LqTr__normal.jpg"
"x4121413611","South Miami Women's","SouthMiamiWH","South Miami, FL","","https://t.co/Cx7UVlZhOW",FALSE,1,0,0,123,0,2015-11-05 19:14:56,FALSE,"https://t.co/Cx7UVlZhOW","http://southmiamiwomenshealth.com","en","https://pbs.twimg.com/profile_banners/4121413611/1447343070","http://abs.twimg.com/images/themes/theme1/bg.png","http://pbs.twimg.com/profile_images/664831076691406848/R2nkQort_normal.jpg"
"x786261837775904769","Winter Haven OBGYN","HavenObgyn","Winter Haven, FL","Compassionate Care for Women of all Ages","https://t.co/fEnAkifScE",FALSE,7,23,0,87,0,2016-10-12 17:46:45,FALSE,"https://t.co/fEnAkifScE","http://winterhavenobgyn.com/","en","https://pbs.twimg.com/profile_banners/786261837775904769/1476295128",,"http://pbs.twimg.com/profile_images/786263666907811840/PNyr6-68_normal.jpg"
"x106517342","Sabin Vaccine Inst.","sabinvaccine","Washington, DC","We are a global health non-profit on a mission to make vaccines more accessible, enable innovation and expand immunization across the globe.","https://t.co/58o9k5XDOZ",FALSE,6942,1017,285,6517,1577,2010-01-19 20:39:31,FALSE,"https://t.co/58o9k5XDOZ","http://www.sabin.org","en","https://pbs.twimg.com/profile_banners/106517342/1499280953","http://pbs.twimg.com/profile_background_images/693292692/f310e2367cd552b5193741a608b3f3e5.jpeg","http://pbs.twimg.com/profile_images/535828742958891008/pytDVvyZ_normal.jpeg"
"x23489273","LEX 18 News","LEX18News","Lexington, KY","Count On LEX 18 News for your news and weather in central Kentucky. Join our Facebook family! ‚û°Ô∏è https://t.co/O3e4JQlT84","https://t.co/rbsjHyB7H9",FALSE,145760,454,733,104411,1226,2009-03-09 19:50:30,TRUE,"https://t.co/rbsjHyB7H9","http://LEX18.com","en","https://pbs.twimg.com/profile_banners/23489273/1517860760","http://abs.twimg.com/images/themes/theme15/bg.png","http://pbs.twimg.com/profile_images/877098993238458368/VpKYrhu6_normal.jpg"
"x4308533609","GingerRapsus","gcoinlady","Chicago, IL","Award-winning author of 200 articles, 1 NF book, 8 novels. Avid football fan, attended Super Bowl XVI. Survived drive-by shooting, detached retina, hit by car.",,FALSE,918,483,54,9355,20637,2015-11-28 15:46:49,FALSE,,,"en","https://pbs.twimg.com/profile_banners/4308533609/1478962080","http://abs.twimg.com/images/themes/theme1/bg.png","http://pbs.twimg.com/profile_images/891753223781924864/rtyloUC-_normal.jpg"
"x2171503927","Captain MEL","OG_Captain_MEL","Oregon, USA","He/Him. Dungeon Master, content designer. Tweet me and I'll (unofficially) weigh in on your D&D questions. Working on a Monster Manual Encounters series.",,FALSE,48,71,1,1152,494,2013-11-03 04:40:07,FALSE,,,"en",,"http://abs.twimg.com/images/themes/theme15/bg.png","http://pbs.twimg.com/profile_images/936931598599036929/HrLwKO32_normal.jpg"
"x1360461529","MTiller","LadaMokusa","Eastern USA","Gardener. Beekeeper. Knitter. PhD. Research Analyst. Genealogist. Satirist. Cookie Assassin. Work in Progress (Psalm 51:10)",,FALSE,214,332,12,18260,9170,2013-04-17 22:01:57,FALSE,,,"en",,"http://abs.twimg.com/images/themes/theme1/bg.png","http://pbs.twimg.com/profile_images/856648138278539264/80jPY2QC_normal.jpg"
"x3266389183","C no evil","UghNoWayICant","Seattle, WA","Writer and Editor. Likes include books, video games, and trans-inclusive feminism.",,FALSE,54,407,0,920,3197,2015-07-02 20:28:52,FALSE,,,"en","https://pbs.twimg.com/profile_banners/3266389183/1512279148","http://abs.twimg.com/images/themes/theme1/bg.png","http://pbs.twimg.com/profile_images/875931756695764992/xS8q7gOd_normal.jpg"
"x3539610266","iJayded7","boijayke","Manchester, NH","hello, I'm Jake | Co-Founder of JKC Productions | Co-Creator, Scriptwriter, Lead Director & Co-Cameraman for JKC Productions original Mirror series.",,FALSE,224,160,2,491,22851,2015-09-12 16:15:04,FALSE,,,"en","https://pbs.twimg.com/profile_banners/3539610266/1518313925","http://abs.twimg.com/images/themes/theme1/bg.png","http://pbs.twimg.com/profile_images/969274691465678849/7yd1ZiIz_normal.jpg"
"x466572935","landi","Landrauhl","New York, NY","I have found my purpose here https://t.co/2B1YApubbx","https://t.co/PdfufBnAb6",FALSE,109702,28744,212,62510,5761,2012-01-17 15:17:15,FALSE,"https://t.co/PdfufBnAb6","http://Instagram.com/landiademi","en","https://pbs.twimg.com/profile_banners/466572935/1514407361","http://pbs.twimg.com/profile_background_images/378800000117868382/6e92ee307277a73dbeb40c2dffd1bebf.jpeg","http://pbs.twimg.com/profile_images/946119152623857665/PCn7jyRl_normal.jpg"
"x23110817","Emily Galt","emily_galt","Hampshire","26 | Willing to bribe you with cakes | Don't let me look after your pet fish | Happiest on a snow covered mountain. sc: cupcakeiow","https://t.co/gKcAUIuCp2",FALSE,654,627,17,33778,23585,2009-03-06 20:04:31,FALSE,"https://t.co/gKcAUIuCp2","http://facebook.com/NicelyIcedIOW","en","https://pbs.twimg.com/profile_banners/23110817/1479240203","http://abs.twimg.com/images/themes/theme3/bg.gif","http://pbs.twimg.com/profile_images/909504042174439425/4HH-lk-O_normal.jpg"
"x13869742","Mike Dodd","BirdmanDodd","Guelph, Ontario","Video Game Journalist and Radio Personality,@dicewarriors GM.Brony.Podcaster. My opinions are my own and not those of any outlet I work with.","https://t.co/PCpQ13zFEt",FALSE,3935,2692,147,64091,5997,2008-02-23 16:39:44,FALSE,"https://t.co/PCpQ13zFEt","http://www.thisweekingeek.net","en","https://pbs.twimg.com/profile_banners/13869742/1400124693","http://pbs.twimg.com/profile_background_images/378800000002298187/ed0f94c52559d94bb98c728b25a838af.jpeg","http://pbs.twimg.com/profile_images/433744280490749952/VbCQ4BPe_normal.jpeg"
"x388404335","Camille Raneem","sufiinthesaddle","Brooklyn, NY","loving fighter üëë NYC cyclist üëë power 2 the ppl üëë #browngirlmagic practitioner üëë owns @KweenKargo bike shop #longmayweride üö¥üèΩ‚Äç‚ôÄÔ∏è https://t.co/VKEZi2YhvX","https://t.co/qvMGwmEzlO",FALSE,1073,952,42,5035,1195,2011-10-10 17:56:02,FALSE,"https://t.co/qvMGwmEzlO","http://www.facebook.com/metarider","en","https://pbs.twimg.com/profile_banners/388404335/1513262236","http://pbs.twimg.com/profile_background_images/760667454/260076ac04d57564fb67661fb4f15293.jpeg","http://pbs.twimg.com/profile_images/941316155515588609/zLTzKDZP_normal.jpg"
"x83675581","UTMB Health","utmbhealth","Galveston, Texas","Official Twitter account for the University of Texas Medical Branch, the oldest academic health center in Texas","http://t.co/5B31yi6NLa",FALSE,3903,319,135,5829,866,2009-10-19 19:56:59,TRUE,"http://t.co/5B31yi6NLa","http://www.utmb.edu","en","https://pbs.twimg.com/profile_banners/83675581/1511905025","http://pbs.twimg.com/profile_background_images/555864669550678016/RYtivdow.jpeg","http://pbs.twimg.com/profile_images/955509185332023296/UeZtuTbY_normal.jpg"
"x277735562","Tish","Tish_Tish_Tish","Nashville, TN","stay sexy, don't get murdered ‚úåüèºÔ∏è",,FALSE,124,99,0,7687,3362,2011-04-05 22:50:53,FALSE,,,"en","https://pbs.twimg.com/profile_banners/277735562/1415679716","http://pbs.twimg.com/profile_background_images/228788083/purple_flora.jpg","http://pbs.twimg.com/profile_images/711713193177911296/nNRuh6_t_normal.jpg"
"x753005970318626816","Brandon Suttonüêê","PrettyBadLefty","Brooklyn, NY","Host of a podcast: The Discourse‚Ñ¢. Anthro PhD Candidate. Writing @ProgressiveArmy. Culture/Horror editor @theCultureCrush. I make normal porn for normal people","https://t.co/wbvFltLJjD",FALSE,8898,386,119,14950,11560,2016-07-12 23:19:48,FALSE,"https://t.co/wbvFltLJjD","http://patreon.com/ExpandTheDiscourse","en","https://pbs.twimg.com/profile_banners/753005970318626816/1495997937","http://abs.twimg.com/images/themes/theme1/bg.png","http://pbs.twimg.com/profile_images/958076546777997312/8-VR8SEb_normal.jpg"
"x718937669049401344","Forte Legato Coffee","fortelegato","Fort Mill, SC","Specialty Coffee Roasting Company that consults on coffee processes and education. Celebrate the Farmer, Enjoy the Cup, Glorify God.","https://t.co/UeXfFIej9P",FALSE,81,187,1,199,14,2016-04-09 23:04:32,FALSE,"https://t.co/UeXfFIej9P","http://www.fortelegato.com","en","https://pbs.twimg.com/profile_banners/718937669049401344/1460246604","http://pbs.twimg.com/profile_background_images/718953649091817472/4674wkV6.jpg","http://pbs.twimg.com/profile_images/718938589791404032/eaXFRqIg_normal.jpg"
"x1544476464","juliana","julianal0l","orlando","i‚Äôve got a theory: it doesn‚Äôt matter",,FALSE,1368,333,45,63601,69195,2013-06-25 01:28:49,FALSE,,,"en","https://pbs.twimg.com/profile_banners/1544476464/1518815968","http://abs.twimg.com/images/themes/theme6/bg.gif","http://pbs.twimg.com/profile_images/960673905513041920/wMRQ3eSt_normal.jpg"
"x931922234347626496","NerdlikeMike","NerdlikeMike","Ontario, Canada","ü§ì Scruffy lookin NerdHerder. Avid YouTuber, Fortnite BR game-thrower. Ex-DJ/Producer ""Mike Emvee"", established graphic/media designer and Star Wars enthusiast.","https://t.co/HPkX11c2KE",FALSE,266,10,0,1208,1195,2017-11-18 16:29:09,FALSE,"https://t.co/HPkX11c2KE","https://www.youtube.com/nerdlikemike","en","https://pbs.twimg.com/profile_banners/931922234347626496/1512875635",,"http://pbs.twimg.com/profile_images/947920708620791808/r91RvkU__normal.jpg"
"x867818751428894721","Brittany Angeleah","StAngeleah","Auburn, Maine","Am 29, 4 Daughter's, and Lucky to Be A Mother to My First Son! They are A Blessing And My LOVESüíûüïäüê¢üê¨",,FALSE,57,352,1,972,235,2017-05-25 19:04:48,FALSE,,,"en",,,"http://pbs.twimg.com/profile_images/950220947461681153/sabO-zXW_normal.jpg"
"x103097547","CarolLee Kidd","CLK_Shortcake","Tobyhanna, PA","Excited for the future while learning from the past.  Loving what I do! Visit https://t.co/WncrhVwYH3 for info on my work!","http://t.co/yQQSwD9lCK",FALSE,1929,1564,94,34971,1197,2010-01-08 22:00:13,FALSE,"http://t.co/yQQSwD9lCK","http://clktranscription331.wordpress.com/","en","https://pbs.twimg.com/profile_banners/103097547/1434468207","http://pbs.twimg.com/profile_background_images/411776314/xa3700cd5683b3c43d9d62fda9d384d1.png","http://pbs.twimg.com/profile_images/947240038932320257/IidNEyTi_normal.jpg"
"x95340542","steve bjornsen","stevebjorn","Iowa","",,FALSE,70,248,2,175,177,2009-12-08 03:18:05,FALSE,,,"en",,"http://abs.twimg.com/images/themes/theme1/bg.png","http://pbs.twimg.com/profile_images/776630465092460544/kJ98CBfz_normal.jpg"
"x592136550","Ivan McCann","imccann1","Hamilton, Ontario","Born in Ireland - raised in Canada. Advanced Care Paramedic. Prehospital Medicine | QI/QA/HumanFactors | Art | Music | Adventures | Videogames! #FOAMed #FOAMems",,FALSE,573,759,19,5622,15017,2012-05-27 18:58:18,FALSE,,,"en","https://pbs.twimg.com/profile_banners/592136550/1483970522","http://abs.twimg.com/images/themes/theme9/bg.gif","http://pbs.twimg.com/profile_images/818458639677718531/54xCHDdL_normal.jpg"
"x2951019797","Spanish Flu Seminar","1918FluSeminar","Virginia Tech, Blacksburg VA","Tom Ewing, Seminar Director, NEH Summer Seminar for Schoolteachers, July 8-28, 2018","https://t.co/70W3r6ZjiA",FALSE,102,41,7,519,5,2014-12-30 11:54:18,FALSE,"https://t.co/70W3r6ZjiA","http://1918fluseminar.org/","en","https://pbs.twimg.com/profile_banners/2951019797/1507228290","http://abs.twimg.com/images/themes/theme1/bg.png","http://pbs.twimg.com/profile_images/916007742434873344/vsVKoqz9_normal.jpg"
"x21112668","Minnesota Orchestra","mn_orchestra","Minneapolis, MN","One of America‚Äôs top symphonic ensembles, performing over 200 concerts a year at Orchestra Hall.","https://t.co/HvjIzS773f",FALSE,18656,2083,673,6914,9848,2009-02-17 18:10:29,TRUE,"https://t.co/HvjIzS773f","http://minnesotaorchestra.org","en","https://pbs.twimg.com/profile_banners/21112668/1507330736","http://pbs.twimg.com/profile_background_images/378800000174403333/AFX6lB9g.png","http://pbs.twimg.com/profile_images/748162173340422144/_pgaJYV1_normal.jpg"
"x292381463","Verisa Mirrun","ironflight","Pennsylvania","Professional costumer, mother of two tiny humans, casual but enthusiastic gamer, gemini to the highest standards of procrastination. Avi by @sexytuna",,FALSE,382,886,20,23008,62816,2011-05-03 15:19:58,FALSE,,,"en","https://pbs.twimg.com/profile_banners/292381463/1476643300","http://abs.twimg.com/images/themes/theme1/bg.png","http://pbs.twimg.com/profile_images/787859169214889984/Pygfc7az_normal.jpg"
"x93779387","Domenica Testa","domenicatesta","utica, ny","I told God I would be back in a second, it's hard to not act reckless.",,FALSE,178,79,0,3054,444,2009-12-01 03:26:31,FALSE,,,"en","https://pbs.twimg.com/profile_banners/93779387/1496793700","http://abs.twimg.com/images/themes/theme10/bg.gif","http://pbs.twimg.com/profile_images/934053683519770625/3QOon9Bf_normal.jpg"
"x1596087493","Thirty Four Flavours","34flavours","Toronto, Ontario Canada","Canadian Girl. Leo. Lifestyle Writer. Music Genie. Book Lover. Foodie Daydreamer. Travel Gypsy. Total Sweetheart.  https://t.co/S1NbOBbx7n","https://t.co/TIc3g6LFaY",FALSE,619,324,48,11575,3967,2013-07-15 15:11:56,FALSE,"https://t.co/TIc3g6LFaY","http://www.thirtyfourflavours.wordpress.com","en","https://pbs.twimg.com/profile_banners/1596087493/1373913059","http://pbs.twimg.com/profile_background_images/378800000024349108/3f8e3f43ad7fb6dfb649b3f33d535942.jpeg","http://pbs.twimg.com/profile_images/378800000138767559/3ea1c8a032fe8ca2e354f62b6efe3597_normal.jpeg"
"x838765395481763840","Tiffany Klemm","tiffany_klemm","Mishawaka, IN","If you don't like politics, do not follow me. I am an Insurance Producer and Educator in northcentral Indiana. Organizer. Volunteer. Speaker.",,FALSE,157,648,1,4341,8861,2017-03-06 14:57:08,FALSE,,,"en","https://pbs.twimg.com/profile_banners/838765395481763840/1488812784",,"http://pbs.twimg.com/profile_images/961357400988176384/uON_X8aN_normal.jpg"
"x23711785","Mass. Public Health","MassDPH","Boston, MA","Tweeting from the Massachusetts Department of Public Health","http://t.co/av1t4tgVAO",FALSE,26188,388,759,5202,21,2009-03-11 03:00:25,FALSE,"http://t.co/av1t4tgVAO","http://www.mass.gov/dph","en","https://pbs.twimg.com/profile_banners/23711785/1503926740","http://abs.twimg.com/images/themes/theme1/bg.png","http://pbs.twimg.com/profile_images/92479371/DPH-Seal-B_W_normal.jpg"
"x631624886","gucci dragon","JaLaCholaHa","Bakersfield, CA","üíäüìö | üí™| üê∞| üåû‚ù§ | üíôüë£üåµ|
chubby bisexual asian goth","https://t.co/rkbrYDisNj",FALSE,526,321,0,40921,15428,2012-07-10 03:00:26,FALSE,"https://t.co/rkbrYDisNj","http://paypal.me/LynnaHa","en","https://pbs.twimg.com/profile_banners/631624886/1508479790","http://pbs.twimg.com/profile_background_images/600489792/7twea2ipdjlxyxgnfakd.jpeg","http://pbs.twimg.com/profile_images/964743845337489408/7kukjc_t_normal.jpg"
"x790240998995537920","DamascusüïäÔ∏èDoveüá∏üáæ","DovePresents","Oregon, USA","I STAND WITH ASSAD/PUTIN/IRAN. ClaircognizantüîÆ
Reverse Engineering the CIA-PsyOp.Promoting #FusionEnergy for a clean electrical future.Plasma‚ö°Ô∏èElectrotherapist","https://t.co/b5K35k9L8C",FALSE,606,692,12,22062,11942,2016-10-23 17:18:30,FALSE,"https://t.co/b5K35k9L8C","https://www.facebook.com/donna.dove.94","en","https://pbs.twimg.com/profile_banners/790240998995537920/1517079705","http://abs.twimg.com/images/themes/theme1/bg.png","http://pbs.twimg.com/profile_images/957121514981154817/DADDN89A_normal.jpg"
"x169332775","Laine Bell","laineislaine","Ohio, USA","Writer, reader, food enthusiast, database analyst, and overall experiencer-of-life. She/her pronouns.","http://t.co/powje051f5",FALSE,37,177,0,936,1277,2010-07-22 02:45:13,FALSE,"http://t.co/powje051f5","http://lainebell.wordpress.com","en",,"http://abs.twimg.com/images/themes/theme8/bg.gif","http://pbs.twimg.com/profile_images/1083316407/Holly2b_normal.jpg"
"x18161602","DallasOEM","DallasOEM","Dallas, Texas","City of Dallas Office of Emergency Management","https://t.co/gReVxNTl6T",FALSE,10665,316,455,7470,206,2008-12-16 13:05:48,TRUE,"https://t.co/gReVxNTl6T","http://dallasemergencymanagement.com","en",,"http://pbs.twimg.com/profile_background_images/18391507/Dallas_OEM_Twitter.png","http://pbs.twimg.com/profile_images/611898264145649664/vLJFITCM_normal.jpg"
"x277550062","Jordan Ferries","JordanFerries","Scotland","Technology Analyst, Studied Computing (Web Systems Development) @ GCU!",,FALSE,577,378,8,18153,7152,2011-04-05 15:59:40,FALSE,,,"en","https://pbs.twimg.com/profile_banners/277550062/1511296387","http://pbs.twimg.com/profile_background_images/320820658/241.gif","http://pbs.twimg.com/profile_images/967891472728064001/3JSnjorP_normal.jpg"
"x2291608040","MLKCH","YourMLKCH","Los Angeles, CA","Martin Luther King, Jr. Community Hospital (MLKCH) is a private, non-profit, safety-net hospital that serves the 1.35 million residents of South LA.","http://t.co/yEeakFNzhb",FALSE,559,345,18,1421,315,2014-01-14 19:43:03,FALSE,"http://t.co/yEeakFNzhb","http://www.mlkcommunityhospital.org/","en","https://pbs.twimg.com/profile_banners/2291608040/1435971908","http://abs.twimg.com/images/themes/theme1/bg.png","http://pbs.twimg.com/profile_images/423229402814488576/4wuqORYu_normal.jpeg"
"x41621505","CBS4 Indy","CBS4Indy","Indianapolis, IN","Official account for CBS in Indianapolis","https://t.co/g9exqgHNKX",FALSE,16455,873,424,113380,612,2009-05-21 16:37:36,TRUE,"https://t.co/g9exqgHNKX","http://www.cbs4indy.com","en","https://pbs.twimg.com/profile_banners/41621505/1516095656","http://pbs.twimg.com/profile_background_images/476811289633628161/2FRcXtEY.jpeg","http://pbs.twimg.com/profile_images/775711493782405120/IZbMPemZ_normal.jpg"
"x25723686","Immunize Nevada","ImmunizeNV","Nevada","A statewide partnership dedicated to provider education, advocacy & vaccine access for all Nevadans across the lifespan.","http://t.co/5bsuKP3bOt",FALSE,1121,1090,49,2780,474,2009-03-21 20:27:48,FALSE,"http://t.co/5bsuKP3bOt","http://www.ImmunizeNevada.org","en","https://pbs.twimg.com/profile_banners/25723686/1506694216","http://pbs.twimg.com/profile_background_images/563737142753361920/-6UAjFTY.png","http://pbs.twimg.com/profile_images/593813778640162816/3EJlvJ-l_normal.png"
"x25166488","James Heiss","Jimbo8348","Duncansville, PA","Former Fireman/EMT. Cook!",,FALSE,55,378,0,6335,26,2009-03-18 22:02:59,FALSE,,,"en","https://pbs.twimg.com/profile_banners/25166488/1459542278","http://abs.twimg.com/images/themes/theme1/bg.png","http://pbs.twimg.com/profile_images/715998348436762624/-8P-mJya_normal.jpg"
"x2345533362","June Anderson","plumblossomtree","Oregon, USA","Vintage Tea Treasures on Etsy + Photographer + Blogger + Artist + Collector + Memory Keeper + Gardener + Faffer + Cyclist + Sometime Adventurer","https://t.co/CIWC6pBqDR",FALSE,90,218,13,1459,1980,2014-02-15 18:16:44,FALSE,"https://t.co/CIWC6pBqDR","http://undertheplumblossomtree.blogspot.com/2017/12/vintage-finds-johnson-brothers-plates.html?m=1","en","https://pbs.twimg.com/profile_banners/2345533362/1487571794","http://abs.twimg.com/images/themes/theme1/bg.png","http://pbs.twimg.com/profile_images/869410865555963905/m56cy2RF_normal.jpg"
"x16440677","FOX59 News","FOX59","Indianapolis, IN","Serving central Indiana with breaking news, sports, weather, community information & more","https://t.co/mwmsDKrmJA",FALSE,240602,6425,1622,204198,3960,2008-09-24 20:35:15,TRUE,"https://t.co/mwmsDKrmJA","http://fox59.com","en","https://pbs.twimg.com/profile_banners/16440677/1519330601","http://pbs.twimg.com/profile_background_images/378800000037340603/f1857fe0a2c383535e86bb01afd3efe5.jpeg","http://pbs.twimg.com/profile_images/900065543058796545/u-oPZvu8_normal.jpg"
"x1962389802","Ape-trilla","APENAMEDAPE","East Lansing, MI","",,FALSE,108,101,2,3181,2584,2013-10-15 11:03:03,FALSE,,,"en","https://pbs.twimg.com/profile_banners/1962389802/1504400577","http://pbs.twimg.com/profile_background_images/378800000096328704/5aa49bd644bd1913fdeca6956aeef506.jpeg","http://pbs.twimg.com/profile_images/835198504159051776/fdjI2qMg_normal.jpg"
"x42315279","ives üìºüïâ","_ivyclaire","Clear Lake, IA","small human with big opinions & an even larger mouth. I make stuff, love the NBA, and talk shit bout shit. üíõüòÖü§π‚Äç‚ôÇÔ∏è love n light",,FALSE,635,469,2,21872,11990,2009-05-25 00:45:55,FALSE,,,"en","https://pbs.twimg.com/profile_banners/42315279/1513366946","http://pbs.twimg.com/profile_background_images/72522517/1224717960-885-0.jpg","http://pbs.twimg.com/profile_images/951951560099188736/MLKTPAnP_normal.jpg"
"x799111347111751680","Claire üá∫üá∏","cjdtwit","Oregon","Liberalism is totalitarianism with a human face. ~Thomas Sowell.   #MAGA üá∫üá∏ Support Trump/Vets
https://t.co/dChqB58aFn",,FALSE,12094,12761,7,76530,64843,2016-11-17 04:46:06,FALSE,,,"en","https://pbs.twimg.com/profile_banners/799111347111751680/1485560371","http://abs.twimg.com/images/themes/theme1/bg.png","http://pbs.twimg.com/profile_images/825124924008181760/oZR3iabe_normal.jpg"
"x3077719392","ConnEr","ThatOldSailor","United States","come sail away with me. Don‚Äôt half ass two things, while ass one thing.",,FALSE,122,145,0,647,171,2015-03-13 18:52:34,FALSE,,,"en","https://pbs.twimg.com/profile_banners/3077719392/1509048279","http://abs.twimg.com/images/themes/theme1/bg.png","http://pbs.twimg.com/profile_images/919638012828385280/-95jmPS4_normal.jpg"
"x738466802758488064","Finesse74","MFinesse74","Long Island","Twitch Affiliate/ U.S. Army Veteran. Husband, Father. Movie Buff and Gamer. Playing FORTNITE currently!","https://t.co/2PF8bkoxwj",FALSE,2822,3747,19,4389,7990,2016-06-02 20:26:20,FALSE,"https://t.co/2PF8bkoxwj","https://twitch.tv/finesse74","en","https://pbs.twimg.com/profile_banners/738466802758488064/1516377849","http://abs.twimg.com/images/themes/theme1/bg.png","http://pbs.twimg.com/profile_images/965645024896598016/4NY-5zdu_normal.jpg"
"x226344326","Nick Bohr","NickBohrWISN","Milwaukee, WI","Reporter @WISN12News ABC Milwaukee since 1994. Marquette University.
RT's aren't endorsements.  I keep my opinions to myself, just like a real journalist.","https://t.co/8N8NAlBD0g",FALSE,2775,248,125,7073,385,2010-12-13 23:15:42,TRUE,"https://t.co/8N8NAlBD0g","http://wisn.com","en","https://pbs.twimg.com/profile_banners/226344326/1472967155","http://abs.twimg.com/images/themes/theme1/bg.png","http://pbs.twimg.com/profile_images/690564397228544000/WpgkxENE_normal.jpg"
"x268384438","L.L. Brown Insurance","LL_Brown","Blacksburg, Virginia","Leonard L. Brown Agency, Inc. has established itself as a premier insurance agency in the New River Valley offering personal, commercial and benefits coverage.","http://t.co/w2AuXIYCw9",FALSE,79,67,1,1016,132,2011-03-18 17:20:37,FALSE,"http://t.co/w2AuXIYCw9","http://www.llbrown.net","en",,"http://pbs.twimg.com/profile_background_images/340758021/08-11-BI-Twitter-Background.jpg","http://pbs.twimg.com/profile_images/1565579871/lester-twitter_normal.jpg"
"x41621505","CBS4 Indy","CBS4Indy","Indianapolis, IN","Official account for CBS in Indianapolis","https://t.co/g9exqgHNKX",FALSE,16455,873,424,113380,612,2009-05-21 16:37:36,TRUE,"https://t.co/g9exqgHNKX","http://www.cbs4indy.com","en","https://pbs.twimg.com/profile_banners/41621505/1516095656","http://pbs.twimg.com/profile_background_images/476811289633628161/2FRcXtEY.jpeg","http://pbs.twimg.com/profile_images/775711493782405120/IZbMPemZ_normal.jpg"
"x606508957","GC Public Health","GreeneCOHD","Xenia, OH","Greene County Public Health Department for the people of Greene County, Ohio. Your trusted local public health authority since 1920.","https://t.co/AyHcM2OF0J",FALSE,837,652,71,7758,1942,2012-06-12 17:55:00,FALSE,"https://t.co/AyHcM2OF0J","http://www.gcph.info","en","https://pbs.twimg.com/profile_banners/606508957/1519922750","http://abs.twimg.com/images/themes/theme1/bg.png","http://pbs.twimg.com/profile_images/430384702499717120/0Ari3JZ8_normal.jpeg"
"x2240192310","Rusty","RustyPee4","Chicago","",,FALSE,90,237,0,1762,184,2013-12-11 04:40:19,FALSE,,,"en","https://pbs.twimg.com/profile_banners/2240192310/1427395460","http://abs.twimg.com/images/themes/theme1/bg.png","http://pbs.twimg.com/profile_images/962911458253332485/EuYE2o7K_normal.jpg"
"x257581957","Mark C. Crowley","MarkCCrowley","La Jolla, CA","Human. Believer that people & organizations will fully thrive once we ‚ÄúLead From The Heart.‚Äù Author, Keynote Speaker, Fast Company Columnist & Change Agent.","https://t.co/3iJnEXnZ4l",FALSE,130598,99522,2823,64797,31479,2011-02-25 18:52:23,TRUE,"https://t.co/3iJnEXnZ4l","http://www.markccrowley.com/","en","https://pbs.twimg.com/profile_banners/257581957/1480527736","http://pbs.twimg.com/profile_background_images/326764589/Book_cover.gif","http://pbs.twimg.com/profile_images/638044870632824833/_3fQWCCV_normal.jpg"
"x29730065","Parents Magazine","parentsmagazine","New York City","Parents Magazine helps you navigate parenthood & celebrate the joys of parenting ‚Äî from Baby's firsts to proud moments of accomplishment.","http://t.co/VIvHfM3O7Y",FALSE,4756106,9214,6184,38667,1152,2009-04-08 14:45:56,TRUE,"http://t.co/VIvHfM3O7Y","http://www.parents.com/","en","https://pbs.twimg.com/profile_banners/29730065/1501625845","http://pbs.twimg.com/profile_background_images/628579076756914176/fNT3660n.jpg","http://pbs.twimg.com/profile_images/892509530478620675/aC2yEcOO_normal.jpg"
"x41621505","CBS4 Indy","CBS4Indy","Indianapolis, IN","Official account for CBS in Indianapolis","https://t.co/g9exqgHNKX",FALSE,16455,873,424,113380,612,2009-05-21 16:37:36,TRUE,"https://t.co/g9exqgHNKX","http://www.cbs4indy.com","en","https://pbs.twimg.com/profile_banners/41621505/1516095656","http://pbs.twimg.com/profile_background_images/476811289633628161/2FRcXtEY.jpeg","http://pbs.twimg.com/profile_images/775711493782405120/IZbMPemZ_normal.jpg"
"x839533553775861760","Robert Medina","Robertm55275486","San Jose, CA","I am a grandfather, husband. I work for a great startup. I enjoy dinning out and love my dog Smokey. I follow the teachings of our lord and savior Jesus Christ.",,FALSE,939,1607,3,1105,3701,2017-03-08 17:49:31,FALSE,,,"en","https://pbs.twimg.com/profile_banners/839533553775861760/1492138183",,"http://pbs.twimg.com/profile_images/903356725444591617/djeNTV_B_normal.jpg"
"x823267560565121024","Sinister Primo","PrimoSinister","Illinois, USA","God | Family | America",,FALSE,22,92,0,99,493,2017-01-22 20:34:16,FALSE,,,"en",,,"http://pbs.twimg.com/profile_images/824859772897759233/xeQt3qe6_normal.jpg"
"x2810009016","Gia Pacella","pet1713","Houston, TX  Kingwood üïá","Pittsburgh Nativeüá∫üá∏üì∞ @FoxNews @FoxBusiness Followed ‚û°Ô∏è @NicolasSarkozy @CVPayne @MikeEmanuelFox @Scaramucci @United @UnitedPilots @NestleUSA @KJWines @ETNow",,FALSE,13755,15105,964,450263,289537,2014-09-14 19:50:25,FALSE,,,"en","https://pbs.twimg.com/profile_banners/2810009016/1506552485","http://abs.twimg.com/images/themes/theme1/bg.png","http://pbs.twimg.com/profile_images/697553259834159104/kwMrVVSR_normal.jpg"
"x570489399","Y√©","ill_ye","New York, USA","@TRAPSAFELY  | @madison_graber ‚Ä¢The Righteous Always Prosper",,FALSE,792,642,5,30068,12454,2012-05-04 00:41:01,FALSE,,,"en","https://pbs.twimg.com/profile_banners/570489399/1513616660","http://pbs.twimg.com/profile_background_images/378800000056620471/8649c34a46bbafc799526f759a689948.jpeg","http://pbs.twimg.com/profile_images/942618777908383744/JYYkVCeK_normal.jpg"
